{
  "accuracy": 0.9977411528486573,
  "roc_auc": 0.9999483154681027
}